,Id,mother_id,mother_name,father_id,father_name,Name,Gender,Job,House,Wand,Patronus,Species,Blood status,Hair colour,Eye colour,Loyalty,Skills,Description,Birth,Death
0,1,12,Lily (Evans) J. Potter,13,James Pother,Harry James Potter,Male,Student,Gryffindor,"11""  Holly  phoenix feather",Stag,Human,Half-blood,Black,Bright green,Albus Dumbledore | Dumbledore's Army | Order of the Phoenix | Hogwarts School of Witchcraft and Wizardry,Parseltongue| Defence Against the Dark Arts | Seeker,"Harry Potter is the Boy Who Lived, the Chosen One, the hero of the Wizarding world. He grew up with Muggles, and then came to Hogwarts where he faced dangers and terrors beyond his years. He, along with his friends Hermione Granger, Ron Weasley and Neville Longbottom, destroyed Voldemort’s Horcruxes. ",31 July 1980,
1,2,31,Molly (Prewett) Weasley,32,Arthur Weasley,Ronald Bilius Weasley,Male,Student,Gryffindor,"12"" Ash unicorn tail hair ",Jack Russell terrier,Human,Pure-blood,Red,Blue,Dumbledore's Army | Order of the Phoenix | Hogwarts School of Witchcraft and Wizardry,Wizard chess | Quidditch goalkeeping,"Ron Weasley is Harry Potter’s best friend and the youngest son of Molly and Arthur Weasley. The story of Ron’s life is one of being overshadowed by his family and friends, yet it is Ron’s heart and humor that have solidified his friendships and given those around him the support they needed… ",1 March 1980,
2,3,-1,-,-1,-,Hermione Jean Granger,Female,Student,Gryffindor,"10¾""  vine wood dragon heartstring",Otter,Human,Muggle-born,Brown,Brown,Dumbledore's Army | Order of the Phoenix | Hogwarts School of Witchcraft and Wizardry,Almost everything,"Resourceful, principled and brilliant, Hermione Jean Granger is easily the brightest witch of her generation. She, along with Ron Weasley, is one of Harry Potter’s closest friends. She is also Muggle-born (her parents were dentists – PS12), and so is a living, breathing example of the fallacy of pureblood… ",19 September 1979,
3,4,-1,Kendra Dumbledore,-1,Perceval Dumbledore,Albus Percival Wulfric Brian Dumbledore,Male,Headmaster,Gryffindor,"15"" Elder Thestral tail hair core",Phoenix,Human,Half-blood,Silver| formerly auburn,Blue,Dumbledore's Army | Order of the Phoenix | Hogwarts School of Witchcraft and Wizardry,Considered by many to be one of the most powerful wizards of his time,"Albus Dumbledore was the Headmaster of Hogwarts for over thirty years, a time period that encompassed both of Voldemort’s attempts to take over the Wizarding world. Considered to be the most powerful wizard of his time, Dumbledore was awarded the Order of Merlin, First Class, and was the Supreme Mugwump… ",Late August 1881,30 June 1997
4,5,-1,Fridluva,-1,-,Rubeus Hagrid,Male,Keeper of Keys and Grounds | Professor of Care of Magical Creatures ,Gryffindor,"16""  Oak unknown core",None,Half-Human/Half-Giant,Part-Human (Half-giant),Black,Black,Albus Dumbledore | Order of the Phoenix | Hogwarts School of Witchcraft and Wizardry,Resistant to stunning spells| above average strength | crossbowmanship,"Rubeus Hagrid is a half-giant with shaggy hair and a “wild, tangled beard” (PS1) who serves as the Keeper of Keys and Grounds, Gamekeeper, and Care of Magical Creatures professor at Hogwarts (PS4, PA6). He is excessively fond of “interesting creatures” — that anyone else would call… ",6 December 1928,
5,6,-1,Alice Longbottom,-1,Frank Longbotoom,Neville Longbottom,Male,Student,Gryffindor,"13"" Cherry unicorn hair",Non-corporeal,Human,Pure-blood,Blond,,Dumbledore's Army | Order of the Phoenix | Hogwarts School of Witchcraft and Wizardry,Herbology,"Neville is the son of Frank and Alice Longbottom, famous and well-liked Aurors who were tortured into madness by the Death Eater Bellatrix Lestrange. The Longbottoms are one of the few pureblood families in the Wizarding world. Neville is a staunch friend of Harry Potter’s, and a true Gryffindor. A… ",30 July  1980,
6,7,31,Molly (Prewett) Weasley,32,Arthur Weasley,Fred Weasley,Male,Student,Gryffindor,Unknown,Unknown,Human,Pure-blood,Red,Brown,Dumbledore's Army | Order of the Phoenix | Hogwarts School of Witchcraft and Wizardry,Beater,"Fred Weasley is one of the seven children of Arthur and Molly Weasley and twin brother to George Weasley. The twins are co-owners of Weasleys’ Wizard Wheezes, a highly successful joke shop in Diagon Alley. Sadly, Fred was a casualty of the Battle of Hogwarts. The Weasley twins are the… ",1 April  1978 ,2 May 1998
7,8,31,Molly (Prewett) Weasley,32,Arthur Weasley,George Weasley,Male,Student,Gryffindor,Unknown,Unknown,Human,Pure-blood,Red,Brown,Dumbledore's Army | Order of the Phoenix | Hogwarts School of Witchcraft and Wizardry,Beater,"George Weasley is one of the seven children of Arthur and Molly Weasley and twin brother to Fred Weasley. The twins are co-owners of Weasleys’ Wizard Wheezes, a highly successful joke shop in Diagon Alley. About the Weasley Twins: Mischief managed! The Weasley twins are the staunch enemies of pretension, authority, and… ", 1 April  1978 ,
8,9,31,Molly (Prewett) Weasley,32,Arthur Weasley,Ginevra (Ginny) Molly Weasley,Female,Student,Gryffindor,Unknown,Horse,Human,Pure-blood,Red,Bright brown,Dumbledore's Army | Order of the Phoenix | Hogwarts School of Witchcraft and Wizardry,Chaser| Bat-Bogey hex,"Ginevra Molly Weasley (Ginny) is the youngest child of the Weasley family and the only daughter. Ginny is the youngest child and only daughter of Arthur and Molly Weasley (CS3), and the first girl born to the family in several generations (JKR). Though consistently underestimated by her family, she… ",11 August  1981,
9,10,-1,Mrs Thomas,-1,-,Dean Thomas,Male,Student,Gryffindor,Unknown,Unknown,Human,Muggle-born,Black,Brown,Dumbledore's Army | Hogwarts School of Witchcraft and Wizardry,Chaser,"Dean Thomas was a “half-blood” Gryffindor boy from London in Harry’s year at Hogwarts. History He was a classmate of Harry’s and best friends with Seamus Finnigan (GF7). He was a black Londoner who grew up as a Muggle, and thus had always been a fan of… ", 1 September 1979- 31 August 1980,
10,11,-1,Mrs Finnigan,-1,Mr Finnigan,Seamus Finnigan,Male,Student,Gryffindor,Unknown,Fox,Human,Half-blood,Sandy,,Dumbledore's Army | Hogwarts School of Witchcraft and Wizardry,Pyrotechnics,"Seamus Finnigan is an Irish boy with sandy hair, who is in the same Gryffindor dormitory as Harry. He is a half-blood: his father is a Muggle, and his mother didn’t tell his dad that she was a witch until after they were married, which was a “bit… ", 1 September 1979- 31 August 1981,
11,12,-1,Mrs Evans,-1,Mr Evans,Lily J. Potter,Female,,Gryffindor,"10¼""  Willow  unknown core",Doe,Human,Muggle-born,Auburn,Bright green,Order of the Phoenix,,"Lily Potter is the mother of Harry Potter, who shared with Harry the most striking aspect of her appearance, her brilliant green, almond-shaped eyes (OP28). Lily was born to a Muggle family and grew up with her sister, Petunia, not far from Spinner’s End in the town of Cokeworth… ",30 January  1960 ,31 October 1981
12,13,-1,Euphemia Potter,-1,Fleamont Potter,James Potter,Male,,Gryffindor,"11""  Mahogany  unknown core",Stag,Human,Pure-blood,Black,Hazel,Order of the Phoenix,Animagus| Seeker,"James Potter is a young wizard who fought against Voldemort in the 1970s, only to be killed along with his wife Lily while trying to protect their 15-month-old son Harry. James is the father of Harry Potter, and nearly identical to him in appearance except with hazel eyes (OP28). ",27 March  1960,31 October 1981
13,14,TODO,Walburga Black,TODO,Orion Black,Sirius Black,Male,,Gryffindor,Unknown,Unknown,Human,Pure-blood,Black,Grey,Order of the Phoenix,Animagus| nonverbal magic| Charms,"Sirius Black was James Potter’s closest friend, Harry Potter’s godfather, and an Animagus, who was falsely accused of betrayal and murder and imprisoned in Azkaban. Sirius Black was the elder of two boys born to an aristocratic family that was fiercely proud of its pureblood status and vehemently anti-Muggle. Unlike his younger brother Regulus and… ",3 November  1959,18 June 1996
14,15,-1,Hope (Howell) Lupin,-1,Lyall Lupin,Remus John Lupin,Male,Professor of Defence Against the Dark Arts ,Gryffindor,"10¼"" Cypress unicorn hair",Wolf,Werewolf,Half-blood,Light brown flecked with grey,Green,Order of the Phoenix,Exceptionally gifted in Defence Against the Dark Arts,"Harry, Hermione and Ron saw Professor Remus J. Lupin for the first time on the Hogwarts Express, wearing extremely shabby wizard’s robes. Lupin has light brown hair flecked with gray, though he is quite young. He looked ill and exhausted; Ron observed, “He looks like one good hex would finish… ",10 March  1960,2 May 1998
15,16,-1,Mrs Pettigrew,-1,Enid Pettigrew,Peter Pettigrew,Male,The Servant of Lord Voldemort,Gryffindor,"9¼"" Chestnut dragon heartstring",None,Human,Half-blood or pure-blood,Colourless and balding,Blue,Lord Voldemort| Death Eaters,Animagus,"Pettigrew entered Hogwarts at the same time as Sirius Black, James Potter, and Remus Lupin, a group of friends who came to call themselves the “Marauders.” He was not as skilled a wizard as his friends, and seemed to hang out with them largely because he idolized them (PA10). ",1 September 1959- 31 August 1960,Late March 1998
16,17,31,Molly (Prewett) Weasley,32,Arthur Weasley,Percy Ignatius Weasley,Male,Student|Prefect|Personal assistant to Barty Crouch Snr ,Gryffindor,Unknown,Unknown,Human,Pure-blood,Red,Blue,Order of the Phoenix| Hogwarts School of Witchcraft and Wizardry |British Ministry of Magic,Intelligent| hard-working| a model student,"Percy Weasley, an ambitious and rather pompous young man, is unquestionably the black sheep of the Weasley family. ",22 August 1976 ,
17,18,31,Molly (Prewett) Weasley,32,Arthur Weasley,(Bill) William Arthur Weasley,Male,Curse-Breaker for Gringotts Bank,Gryffindor,Unknown,Unknown,Human (Werewolf traits),Pure-blood,Red,Blue,Order of the Phoenix,Highly skilled curse-breaker for Gringotts Wizarding Bank| very intelligent| past Hogwarts Head Boy,"William Arthur Weasley (Bill) is the oldest child of the Weasley family and is an adventurous person who works for Gringotts. Bill is married to Fleur Delacour. The oldest son of Arthur and Molly Weasley, Bill is a caring, noble wizard who can’t resist a bit of “adventure and glamour” (… ",29 November 1970,
18,19,31,Molly (Prewett) Weasley,32,Arthur Weasley,Charlie Weasley,Male,Dragonologist,Gryffindor,"12""  Ash unicorn tail hair",Unknown,Human,Pure-blood,Red,Grey,Order of the Phoenix | Gringotts Wizarding Bank,Highly skilled dragon trainer| one-time Gryffindor Seeker,"Charlie Weasley is Ron’s second oldest brother who works with dragons in Romania. Charlie is an “outdoor type” who has spent his whole adult life working with dragons in Romania (CS4, CS14). The second-oldest son of Arthur andMolly Weasley, Charlie is stocky and very freckly (GF4), and he… ",12 December  1972,
19,20,-1,-,-1,Mr Jordan,Lee Jordan,Male,Student,Gryffindor,Unknown,Unknown,Human,Pure-blood or half-blood,Black,Brown,Dumbledore's Army | Order of the Phoenix | Hogwarts School of Witchcraft and Wizardry,Quidditch commentary | broadcasting,"Lee Jordan is a Gryffindor and Hogwarts student during the 1990s. He is two years older than Harry and Ron. He had dreadlocks (OP10) and is best friend and compatriot of Fred and George Weasley. When Harry was on Platform Nine and Three-Quarters for the first time,… ", 1 September 1977- 31 August 1978,
20,21,-1,Mrs Wood,-1,Mr Wood,Oliver Wood,Male,Student,Gryffindor,Unknown,Unknown,Human,Pure-blood or Half-blood,,,Hogwarts School of Witchcraft and Wizardry,Keeper|  Captain of the Gryffindor Quidditch team,"Oliver Wood is a Gryffindor (1987-1994) and Quidditch team Captain and Keeper 1990-1994 (and possibly earlier). Oliver Wood was the “burly” Captain of the Gryffindor Quidditch team when Harry arrived at Hogwarts, and possibly the most passionate Quidditch fanatic in the school (PS7), Oliver… ", October 1975 - 31 August 1976,
21,22,-1,-,-1,Mr Johnson,Angelina Johnson,Female,Student,Gryffindor,Unknown,Unknown,Human,Unknown,Brown,Brown,Dumbledore's Army |Hogwarts School of Witchcraft and Wizardry,Chaser,"Angelina Johnson is a tall, black (GF16) Gryffindor girl two years older than Harry. She is an excellent Quidditch player (a Chaser) (PS11) and was captain of the Gryffindor Quidditch Team during the 1995-1996 school year (OP12). Angelina put her name in for… ",24 – 30 October  1977,
22,23,-1,Mrs Bell,-1,Mr Bell,Katie Bell,Female,Student,Gryffindor,Unknown,Unknown,Human,Pure-blood or half-blood,Brown,Brown,Dumbledore's Army |Hogwarts School of Witchcraft and Wizardry,Chaser,"Katie Bell is a Gryffindor girl a year older than Harry, one of the three Chasers on the Gryffindor Quidditch team during most of Harry’s years at Hogwarts. Oliver Wood considered her to be a superb Chaser (PA8), along with Angelina Johnson and Alicia Spinnet,… ", 1 September 1978- 31 August 1979,
23,24,-1,-,-1,-,Alicia Spinnet,Female,Student,Gryffindor,Unknown,Unknown,Human,Pure-blood or half-blood,Brown,Brown,Dumbledore's Army |Hogwarts School of Witchcraft and Wizardry,Chaser,"Alicia Spinnet was a Gryffindor girl two years (CS7) ahead of Harry Potter, in the same year as Angelina Johnson, Fred and George Weasley and Lee Jordan. She played Chaser on the Gryffindor Quidditch team with Harry (PS11). She was made a full member… ",1 September 1977- 31 August 1978,
24,25,-1,Mrs Brown,-1,Mr Brown,Lavender Brown,Female,Student,Gryffindor,Unknown,Unknown,Human,Pure-blood,Blond,Blue,Dumbledore's Army |Hogwarts School of Witchcraft and Wizardry,Divination,"Lavender Brown was a Gryffindor student in the same year as Harry Potter. She was best friends with Parvati Patil. Lavender tended to squeal and giggle a lot, and generally gave the impression of her being silly. She was keen on Divination, having been convinced of Trelawney’s powers after a… ", 1 September 1979- 31 August 1980,2 May 1998
25,26,-1,Mrs Patil,-1,Mr Patil,Parvati Patil,Female,Student,Gryffindor,Unknown,Unknown,Human,Pure-blood or half-blood,Dark,Dark,Dumbledore's Army |Hogwarts School of Witchcraft and Wizardry,Divination,"Parvati Patil was a Gryffindor in Harry’s year. She was good friends with Lavender Brown. Parvati had long dark hair which she wore in a plait. Harry by his fourth year thought her very pretty, while Dean Thomas considered her and her twin to be the best-looking girls in their… ", 1 September 1979- 21 April 1980,
26,27,-1,-,-1,-,Romilda Vane,Female,Student,Gryffindor,Unknown,Unknown,Human,Pure-blood or half-blood,Black,Dark,Dumbledore's Army |Hogwarts School of Witchcraft and Wizardry,Spiking Chocolate Cauldrons with love potion,"Romilda Vane was a Gryffindor, two years behind Harry Potter at Hogwarts, who went to great lengths to try to win his heart. She had dark eyes and long, dark hair. Romilda made it very obvious in her fourth year that she was pursuing Harry Potter (HBP7). Among other… ", 1 September 1981- 31 August 1982,
27,28,-1,-,-1,Mr Creevey,Colin Creevey,Male,Student,Gryffindor,Unknown,Unknown,Human,Muggle-born,Mousy,,Dumbledore's Army |Hogwarts School of Witchcraft and Wizardry,Photography,"Colin Creevey was a very excitable, rather short boy with mousy brown hair who was just tickled to death to discover that he was a wizard and to find out about Hogwarts (his father is a Muggle milkman, so Colin is Muggle-born). Colin is very excited to know the famous… ", 3 May - 31 August 1981,2 May 1998
28,29,-1,-,-1,-,Cormac McLaggen,Male,Student,Gryffindor,Unknown,Unknown,Human,Pure-blood or half-blood,Blond,,Dumbledore's Army |Hogwarts School of Witchcraft and Wizardry,Quidditch Keeper,"Cormac McLaggen was a “large, wiry-haired youth” and member of the Slug Club. He had a famous “Uncle Tiberius” who was a favorite student of Horace Slughorn’s (HBP7). During his seventh year Cormac tried out for Keeper of the Gryffindor Quidditch team, but was beaten… ", 1 September 1978- 31 August 1979,
29,30,-1,Isobel (Ross) McGonagall,-1,Robert McGonagall,Minerva McGonagall,Female,Professor of Transfiguration | Head of Gryffindor,Gryffindor,"9½"" Fir dragon heartstring",Cat,Human,Half-blood,Black,Green,Albus Dumbledore | Order of the Phoenix | Hogwarts School of Witchcraft and Wizardry,Animagus,"Minerva McGonagall was the Transfiguration professor and Deputy Headmistress at Hogwarts for over forty years, and a powerful witch and Animagus (PS1, PS4). McGonagall has a stern exterior, keeping her classes strictly controlled and following the rules closely (PS8), yet has a warm heart and… ",4 October,
30,31,TODO,-,TODO,-,Molly Weasley,Female,,Gryffindor,Unknown,Unknown,Human,Pure-blood,Red,Bright brown,Order of the Phoenix,Household spells| healing magic,"Molly Weasley is a middle-aged witch, wife of Arthur Weasley and mother of seven, who puts her family first in everything she does. Molly is a very capable witch in her own right. She is one of the “old crowd,” a group of witches and wizards who are faithful and… ",30 October  1949 ,
31,32,-1,Cedrella Weasley,-1,Septimus Weasley,Arthur Weasley,Male,Head of the Misuse of Muggle Artefacts Office,Gryffindor,Unknown,Weasel,Human,Pure-blood,Red,Green,Order of the Phoenix| British Ministry of Magic,Muggle world works,"An easy-going, middle-aged wizard with a passion for Muggles, and whose dearest ambition is to learn how airplanes fly. Arthur fought, along with the rest of his family, in the Battle of Hogwarts in May, 1998. He and Molly have at least twelve grandchildren, and it is a good bet that… ",6 February  1950,
32,33,-1,-,-1,-,Quirinus Quirrell,Male,Professor of Defence Against the Dark Arts(1991-1992),Ravenclaw,"9"" Alder unicorn hair bendy",Non-corporeal,Human,Half-blood,,,Lord Voldemort,Learned in the theory of Defensive Magic| less adept in the practise,"Quirinus Quirrel was a young wizard with a “brilliant mind,” was a professor of Muggle Studies, and later of Defence Against the Dark Arts, at Hogwarts (PS5, BLC). In between holding these two posts he took a year off to gain experience dealing with Dark Arts… ",26 September 1970 or earlier,4 June 1992
33,34,-1,Mrs Chang,-1,Mr chang,Cho Chang,Female,Student,Ravenclaw,Unknown,Swan,Human,Pure-blood or half-blood,Black,Dark,Dumbledore's Army |Hogwarts School of Witchcraft and Wizardry,Seeker,"Cho Chang was a popular, pretty Ravenclaw student in the year above Harry who was his girlfriend for awhile. She loved Quidditch — she was a fan of the Tutshill Tornados since she was six — and was the Seeker for the Ravenclaw Quidditch team (PA13,… ",1 September 1978-31 August 1979,
34,35,-1,Pandora Lovegood,-1,Xenophilius Lovegood,Luna Lovegood,Female,Student,Ravenclaw,Unknown,Hare,Human,Pure-blood or half-blood,Dirty-blonde,Pale silvery,Dumbledore's Army |Hogwarts School of Witchcraft and Wizardry,Spotting Nargles,"Luna Lovegood is a witch in Ginny’s year, a brave member of Dumbledore’s Army and a Ravenclaw, who is considered a bit weird by her classmates. She comes by this reputation honestly: Luna simply isn’t like the other kids at all. She dresses unusually, she proclaims her… ",13 February  1981,
35,36,-1,Mrs Lockhart,-1,Mr Lockhart,Gilderoy Lockhart,Male,Defence Against the Dark Arts(1992-1993),Ravenclaw,"9"" Cherry dragon heartstring",Non-corporeal,Human,Half-blood,Blond,Blue,,,"Gilderoy Lockhart is a celebrity wizard and author, on staff for the 1992-1993 school year at Hogwarts as Professor of Defense Against the Dark Arts. ",26 January 1964,
36,37,-1,-,-1,-,Filius Flitwick,Male,Professor of Charms | Head of Ravenclaw,Ravenclaw,Unknown,Non-corporeal,Human(goblin ancestry),Part-Goblin,White,,,Charms,"Filius Flitwick is the Charms professor at Hogwarts and the Head of Ravenclaw House. He is very small in stature (he needs to stand on a pile of books to see over his desk), but not small in magical ability. He was an accomplished wizard and, according to rumor, was… ",17 October 1958 or earlier ,
37,38,-1,Mrs Trelawney,-1,Mr Trelawney,Sybill Patricia Trelawney,Female,Professor of Divination,Ravenclaw,9 ½” hazel unicorn hair core,Non-corporeal,Human,Half-blood,,,,A Seer  though the gift is unpredictable and unconscious,"Sybill Patricia Trelawney is the Divination professor at Hogwarts. She is the great-great-granddaughter of Cassandra Trelawney, a very gifted, very famous Seer (OP37). Hermione considers her to be nothing but an old fraud, but Trelawney has her moments. ",9 March prior to 1962 ,
38,39,-1,Mrs Ollivander,-1,Gervaise Ollivander,Garrick Ollivander,Male,Wandmaker,Ravenclaw,"12¾"" Hornbeam dragon heartstring",Non-corporeal,Human,Half-blood,,Silvery,,An incomparable understanding of wandcraft,"Garrick Ollivander is an old wandmaker – “the best” according to British witches and wizards – who runs Ollivander’s on Diagon Alley (HBP6). He has eerie, moon-like eyes and makes Harry a bit uncomfortable, as he seems just as fascinated by the power of wands used for evil as… ",25 September  pre 1908,
39,40,-1,Mrs Warren,-1,Mr Warren,Myrtle Elizabeth Warren,Female,Student,Ravenclaw,Unknown,Unknown,Ghost,Muggle-born,,,,,Myrtle Elizabeth Warren was a Ravenclaw student in the 1940s who was killed by the basilisk from the Chamber of Secrets. She became the ghost known as Moaning Myrtle. ,14 June 1928 -13 June 1929,13 June 1943
40,41,,Mrs Patil,,Mr Patil,Padma Patil,Female,Student,Ravenclaw,Unknown,Non-corporeal,Human,Pure-blood or half-blood,Dark,Dark,Dumbledore's Army |Hogwarts School of Witchcraft and Wizardry,Prefect,"Padma Patil is an identical twin of Parvati Patil. Padma attended the Yule Ball in her fourth year (December 1994) with Ron Weasley, as a blind date arranged through her sister and Harry Potter(GF23), but it did not go well (GF24). Padma wore robes of bright turquoise (in… ", 1 September 1979 - 21 April 1980,
41,42,,-,,-,Michael Corner,Male,Student,Ravenclaw,Unknown,Squirrel,Human,Half-blood,Black,Brown,Dumbledore's Army |Hogwarts School of Witchcraft and Wizardry,Potions,"Ravenclaw, 1991 – 1998 Michael is a dark-haired boy who met Ginny Weasley at the Yule Ball and began dating her at the end of the 1994 – 1995 school year; through Ginny, Michael and his friends joined the DA (OP16). Michael sulked so much after Gryffindor defeated… ", 1 September 1979 - 31 August 1980,
42,43,,Madam Edgecombe,,Mr Edgecombe,Marietta Edgecombe,Female,Student,Ravenclaw,Unknown,Unknown,Human,Pure-blood or half-blood,Reddish-blonde,Grey,,Covering up the spots that blight her face after betraying Dumbledore's Army,"Marietta Edgecombe was a friend of Cho Chang’s with curly, reddish-blonde hair. Marietta was dragged to D.A. meetings by Cho and signed her name to the parchment that listed members of the group (OP16). However, when she later betrayed the group to Umbridge in order to protect her mother’s… ",1978-1979,
43,44,,-,,-,Terry Boot,Male,Student,Ravenclaw,Unknown,Unknown,Human,Pure-blood or half-blood,,,Dumbledore's Army |Hogwarts School of Witchcraft and Wizardry,Potions  also knowledgable about Charms,"Terry Boot is a Ravenclaw boy in Harry’s year at Hogwarts. Terry checked out Quidditch Through the Ages on 21 August (QA). He joined the DA October 1995, apparently having heard about it as a friend of Michael Corner (OP16). He was one of the DA members who helped Harry… ",1 September 1979- 21 April 1980,
44,45,,-,,-,Anthony Goldstein,Male,Student,Ravenclaw,Unknown,Non-corporeal,Human,Half-blood,Blonde,Grey,Dumbledore's Army |Hogwarts School of Witchcraft and Wizardry,Prefect,Anthony Goldstein was a Ravenclaw student in Harry’s year who became a prefect (OP10) and a member of the D.A. (OP16). He fought in the Battle of Hogwarts (DH29 ff.). , 1 September 1979- 31 August 1980,
45,46,,Eileen (Prince) Snape,,Tobias Snape,Severus Snape,Male,Professor of Potions | Head of Slytherin,Slytherin,Unknown,Doe,Human,Half-blood,Black,Black,,Extremely skilled at potions and Occlumency,"Severus Snape was Potions Master, Defense Against the Dark Arts teacher, and Head of Slytherin at Hogwarts School of Witchcraft and Wizardry; he succeeded Dumbledore as Headmaster. He was personally killed by Lord Voldemort and his snake, Nagini. Snape was a conundrum to all who know him: sarcastic and hard… ",9 January 1960,2 May  1998
46,47,,Narcissa (Black) Malfoy,,Lucius Malfoy,Draco Malfoy,Male,Student,Slytherin,"10"" Hawthorn unicorn hair",Unknown,Human,Pure-blood,White-blond,Grey,,Prefect  Seeker,"Draco Malfoy is the son and only child of Lucius and Narcissa Malfoy and was a student at Hogwarts in the same year as Harry Potter. He is a rival of Harry, actively trying to undermine him in any way he can. Draco has white-blond hair and a pale, pointed face. ",5 June  1980,
47,48,,Irma Black,,Mr Crabbe,Vincent Crabbe,Male,Student,Slytherin,Unknown,Unknown,Human,Pure-blood,Black,Black,,Beater,"Crabbe was the son of a Death Eater and, along with Gregory Goyle, a crony of Draco Malfoy. Crabbe is quite dense, although he seems to be a little brighter than Goyle. Throughout his first six years at Hogwarts, Crabbe and Goyle sycophantically followed Draco Malfoy around and served as… ",c. 1979-1980,2 May  1998
48,49,,Mrs Goyle,,Mr Goyle,Gregory Goyle,Male,Student,Slytherin,Unknown,Unknown,Human,Pure-blood,Brown,,,Beater,"Gregory Goyle is one of Draco Malfoy’s thuggish cronies. Goyle has short, bristly hair that extends down onto his forehead. His eyes are small, dull, and deep set, and he speaks with a low, raspy voice. He’s a mean bully who enjoys whatever chance he gets to boss people around,… ",1 September 1979-31 August 1980,
49,50,,Druella (Rossier) Black,,Cygnus Black III,Bellatrix Lestrange,Female,,Slytherin,"12¾"" Walnut dragon heartstring",,Human,Pure-blood,Black,,Lord Voldemort  | Death Eaters,She is a duellist of great skill and an experienced Occlumens,"Bellatrix Lestrange was one of Voldemort’s most devoted Death Eaters, a cruel and vicious woman who was guilty of torturing and murdering wizards and Muggles alike. Bella, as she was sometimes called, was the oldest daughter of Druella Rosier and Cygnus Black of the “Noble and Most Ancient House of Black.”… ",1951,2 May  1998
50,51,,Ellen Cracknell,,Orford umbridge,Dolores Jane Umbridge,Female,Professor of Defence Against the Dark Arts | Department of Magical Law Enforcement,Slytherin,"8"" Birch dragon heartstring",Cat,Human,Half-blood,Iron grey,,Ministry of Magic,Her punishment quill is of her own invention,"Dolores Umbridge was Senior Undersecretary to the Minister (OP8) and later highly unpopular teacher of Defence Against the Dark Arts at Hogwarts (OP11). She forced Dumbledore out and replaced him as Headmaster (OP28). In the Death Eater controlled Ministry of Pius Thicknesse, Umbridge… ",26 August,
51,52,,-,,-,Horace Eugene Flaccus Slughorn,,Professor of Potions ,Slytherin,"10¼"" Cedar dragon heartstring fairly flexible",Non-corporeal,Human,Pure-blood or half-blood,Bald,Gooseberry,,Accomplished Occlumens  expert Potioneer  advanced self-transfiguration,"Horace Slughorn is a teacher at Hogwarts. He served as Potions Master until 1981, then again from 1996. He was also Head of Slytherin house for the school year 1997-1998. At the beginning of Harry’s 6th year at Hogwarts, Dumbledore and Harry convince a genial wizard named Horace Slughorn to come… ",28 April,
52,53,,Narcissa (Black) Malfoy,,Abraxas Malfoy,Lucius Malfoy,Male,School Governor,Slytherin,Elm and dragon heartstring,Unknown,Human,Pure-blood,White-blond,Grey,Lord Voldemort | Death Eaters,Skilled duellist and potioneer,"Lucius Malfoy is the patriarch of the prestigious pure-blood Malfoy family, father of Draco Malfoy and one of Voldemort’s top Death Eaters. Lucius was a Death Eater during Voldemort’s first “reign of terror.” However after the Dark Lord disappeared, Malfoy “came back saying he’d never meant any of it” (… ",c. 1954,
53,54,,Druella (Rossier) Black,,Cygnus Black III,Narcissa Malfoy,Female,,Slytherin,Unknown,Unknown,Human,Pure-blood,Blonde,Blue,Lord Voldemort | Death Eaters,,"Narcissa Malfoy is Lucius’ wife and Draco’s mother, a blonde with blue eyes and a look on her face as if there were something smelly under her nose (GF8). She is fiercely protective of her son. Draco wanted to go to Durmstrang instead of Hogwarts but Narcissa nixed this… ",1955,
54,55,,Walburga Black,,Orion Black,Regulus Arcturus Black,Male,,Slytherin,Unknown,Non-corporeal,Human,Pure-blood,Black,,,Seeker,"Regulus Black was the younger brother of Sirius Black. Unlike Sirius, Regulus was favored by their parents because he shared their overweening pride in their heritage and their belief in pure-blood supremacy; indeed, Regulus became one of Voldemort’s Death Eaters around 1977 at the age of sixteen. Sirius… ",1961,1979
55,56,,-,,-,Pansy Parkinson,Female,Student,Slytherin,Unknown,Unknown,Human,Pure-blood or half-blood,,,,Prefect,"Described by Harry as “a hard-faced Slytherin girl” (PS9) and as having a face “like a pug” (PA6, GF27). She was the ringleader of a “gang of Slytherin girls” (OP25). Like Draco, Pansy tended to pick on and try to intimidate those who were weaker — or just different — than she, and often… ",1 September1979- 31 August 1980,
56,57,,Mrs Zabini,,-,Blaise Zabini,Male,Student,Slytherin,Unknown,Unknown,Human,Pure-blood or half-blood,Black,Brown,,Chaser,"Blaise Zabini was a Slytherin in Harry’s year (1991-1998) (PS7). Blaise shares Draco’s prejudice against Muggle-born witches and wizards; he has a contemptuous and arrogant manner. Ginny considers Blaise a “poser.” (HBP7). He is a member of the Slug Club due to his famous mother, who has had seven… ",1 September 1979 – 21 April  1980,
57,58,,Merope (Gaunt) Riddle,,Tom Riddle Snr,Tom Marvolo Riddle,Male,Student,Slytherin,"13½"" Yew phoenix feather core",Unknown,Human,Half-blood,Bald,Scarlet ,,Dark Lord  Outstanding manipulation  Parseltongue  Heir of Slytherin  Dark magic  Inferi creation and control,"Tom Marvolo Riddle was a gifted young wizard born of a witch mother (Merope Gaunt) and a Muggle father (Tom Riddle, Sr.) on December 31, 1926. His mother had fallen in love with his father, who was a Muggle, and tricked him into marrying her with a… ",31 December 1926,2 May  1998
58,59,,Mrs Nott,,Mr Nott,Theodore Nott,Male,Student,Slytherin,Unknown,Unknown,Human,Pure-blood,Brown,,,,"Theodore Nott (Slytherin, 1991-1998) is the son of the Death Eater Nott (PS7, OP26). Theodore is described as “weedy-looking” (OP26) and “a clever loner who does not feel the need to join gangs, including Malfoy’s” (JKR). During Care of Magical Creatures class in fifth year, he… ",1 September  1979 – 21 April  1980,
59,60,,-,,-,Rodolphus Lestrange,Male,,Slytherin,Unknown,Unknown,Human,Pure-blood,Dark,Dark,Lord Voldemort  | Death Eaters,,"Rodolphus Lestrange was a Slytherin student in the early 1970s (GF27) and a Death Eater thereafter. He was the brother of Rabastan, husband of Bellatrix (GF27, GF30, OP6). Rodolphus and his brother Rabastan were captured by the Ministry of Magic after their attack on the Longbottoms… ",Pre 1964,
60,61,,-,,-,Millicent Bulstrode,Female,Student,Slytherin,Unknown,Unknown,Human,Half-blood,Black,,,,"Slytherin, 1991 – 1998 (PS7) Member of Umbridge’s Inquisitorial Squad in her fifth year (OP32). In her second year, Millicent partnered Hermione at the Duelling Club at Snape’s direction, resorting to a headlock despite the standard “no contact” rule of wizard duelling, leaving some black hair on… ",1 September 1979- 31 August 1980 ,
61,62,,-,,-,Graham Montague,Male,Student,Slytherin,Unknown,Unknown,Human,Pure-blood or half-blood,Brown,Brown,,Quidditch captain  Chaser,Montague was a Hogwarts student in Slytherin House c. 1989-1996. He played on the Slytherin Quidditch Team as a Chaser (PA15) and later became their team’s Captain (OP19). He was also appointed by Professor Dolores Umbridge to be a member of her Inquisitorial Squad (… ,In or prior to c.1981,
62,63,,-,,-,Bloody Baron,Male,Slytherin House Ghost,Slytherin,Unknown,Unknown,Ghost,Pure-blood or half-blood,,,,Controlling Peeves,"The Bloody Baron is the Slytherin House ghost, a grim, silent, and terrifying specter with a gaunt face and blank eyes. His robes are covered with silver bloodstains. He is never heard to speak, although Harry does impersonate him once, using a hoarse whisper (PS16). A favorite pastime… ",Post 982,11th century
63,64,,-,,-,Marcus Flint,Male,Student,Slytherin,Unknown,Unknown,Human,Pure-blood or half-blood,Black,,,Chaser  Captain,"Marcus Flint was a Slytherin, Chaser and captain of the Slytherin Quidditch team for Harry’s first three years at Hogwarts. Harry thought he looked like he had troll blood. He wasn’t beyond a bit of cheating to win a match (PS11, CS7, CS10,… ", 1 September 1975- 31 August 1976,
64,65,,-,,-,Penelope Clearwater,Female,Student,Ravenclaw,Unknown,Non-corporeal,Human,Muggle-born or half-blood[,Blonde,,,Prefect,"Penelope Clearwater was the girlfriend of Percy Weasley while at Hogwarts, though their relationship was kept a secret for quite some time. They began dating in their fifth year. She has long curly hair (CS12). Penelope was Sorted into Ravenclaw and attended Hogwarts from1987 – 1994. She is a prefect from 1992 to 1994. ", 1 September 1975- 31 August 1976,
65,66,,-,,-,Roger Davies,Male,Student,Ravenclaw,Unknown,Unknown,Human,,Dark,Dark,,Quidditch Captain  Chaser,"Roger Davies was a popular, athletic Ravenclaw student at Hogwarts, a year or two older than Harry Potter.  He was a Chaser on the Ravenclaw Quidditch Team, and Captain of the Team from 1993 to 1996 (at least). Roger went with Fleur Delacour to the… ", 1 September 1977- 31 August 1978,
66,67,,-,,Mr Belby,Marcus Belby,Male,Student,Ravenclaw,Unknown,Unknown,Human,Pure-blood or half-blood,Brown,Dark,,,"A “thin and nervous-looking” boy, in Ravenclaw and a year ahead of Harry. A candidate for the Slug Club because his Uncle Damocles invented Wolfsbane potion (HBP7), but not a favored member because he does not see much of his Uncle Damocles. ", 1 September 1978 - 31 August 1979,
67,68,,-,,-,Salazar Slytherin,Male,Founder of Slytherin,Slytherin,snakewood  Basilisk horn,Unknown,Human,Pure-blood,Grey,Dark,,Accomplished Legilimens and one of the first recorded Parselmouths,"Salazar Slytherin was the founder of Slytherin house and one of the co-founders of Hogwarts, described as one of “the four greatest witches and wizards of the age” (along with the other three founders) (CS9). He believed that only pure-blood witches and wizards should be allowed… ",Pre 976,11th century
68,69,,-,,-,Godric Gryffindor,Male,Founder of Gryffindor,Gryffindor,Unknown,Unknown,Human,Pure-blood or half-blood,Red,Green,,The most accomplished duellist of his time,"Godric Gryffindor was the founder of Gryffindor House and one of the co-founders of Hogwarts, described as one of “the four greatest witches and wizards of the age” (along with the other three founders) (CS9). ",Pre 976,11th century
69,70,,-,,-,Rowena Ravenclaw,Female,Founder of Ravenclaw,Ravenclaw,Unknown,Unknown,Human,Pure-blood or half-blood,Black,Dark,,Extremely skilled witch  known for her intelligence and wisdom,"Rowena Ravenclaw was the founder of Ravenclaw House and one of the co-founders of Hogwarts, described as one of “the four greatest witches and wizards of the age” (along with the other three founders) (CS9). ",Pre 976,11th century
70,71,,-,,-,Nearly-Headless Nick,Male,Gryffindor House Ghost,Gryffindor,Unknown,Unknown,Ghost,,Grey,,,,"Nearly Headless Nick is the nickname of the ghost of Sir Nicholas de Mimsy Porpington, a wizard who died in a botched execution on October 31, 1492. He was hit forty-five times in the neck with a blunt axe, but a half-inch of skin and sinew remained connecting his head… ",1401 -1475,31 October  1492
71,72,,-,,-,Cuthbert Binns,Male,Professor of History of Magic ,,Unknown,Unknown,Ghost,,White (balding),Black,,Boring a class with facts that might be interesting if anyone else was giving the lesson,"Binns is the History of Magic teacher and the only professor at Hogwarts who is a ghost. Binns enters the classroom through the blackboard. He is ancient and shriveled in appearance, semi-transparent and a pearly-white color. After living to a great age, Binns died after falling asleep in front of… ",,Pre 1970s
72,73,,Mrs Crouch,,Bartemius Crouch Snr,Barty Crouch Jr.,Male,Professor of Defence Against the Dark Arts (as Alastor Moody) ,,Unknown,Unknown,Human,Pure-blood or half-blood,Straw blond,Pale  freckled,Lord Voldemort  | Death Eaters,Skilled potioneer,"Bartemius Crouch Jr., known as Barty, was one of Voldemort’s most faithful Death Eaters. Barty Crouch Jr. was the only child of Ministry official Barty Crouch, Sr., who personally sent his son to Azkanban. ",1962,1995-1996
73,74,,-,,-,Charity Burbage,Female,Professor of Muggle Studies,,Unknown,Non-corporeal,Human,Pure-blood or half-blood,Blonde,,,Teaching and studying the Muggle world,"Charity Burbage was a professor of Muggle Studies at Hogwarts (DH2). She wrote an impassioned defense of Muggle-borns in the Daily Prophet during the summer of 1997; in retaliation, she was taken prisoner, then killed personally by Voldemort less than a week later at Malfoy Manor, at which point… ",Before 1976,Late July  1997
74,75,,-,,-,Firenze,Male,Professor of Divination,,,,Centaur,,White-blond,Astonishingly blue,,,"Firenze is a centaur with white-blond hair, palomino body, and blue eyes (PS15). He trusts humans more than the rest of the centaurs; he let Harry ride on his back in order to bring him to a safe place and helped him understand that Voldemort was lurking in the Forbidden Forest and planning to get the Philosopher’s… ",,
75,76,,-,,-,Alecto Carrow,Female,Professor of Muggle Studies,Slytherin,Unknown,Unknown,Human,Pure-blood or half-blood,,,Lord Voldemort  | Death Eaters,Spreading anti-Muggle propaganda,"Alecto and Amycus Carrow (JKR) were Death Eaters, a brother and sister, part of the group of Death Eaters that invaded Hogwarts in June of 1997 (HBP27); Snape implies that they were never sent to Azkaban (HBP2). When Voldemort took over Hogwarts, Alecto Carrow became the Muggle Studies teacher… ",Pre 1981,
76,77,,-,,-,Amycus Carrow,Male,Professor of Dark Arts,Slytherin,Unknown,Unknown,Human,Pure-blood or half-blood,,,Lord Voldemort  | Death Eaters,Cruciatus Curse,"Amycus Carrow was a squat, “lumpy” looking wizard with a lopsided leer and a wheezy giggle. Part of the group of Death Eaters who participated in the Battle of the Tower, where Amycus egged on Draco to kill Dumbledore, and had fun trying to curse Ginny Weasley (HBP27). Snape… ",Pre 1982,
77,78,,-,,-,Helga Hufflepuff,Female,Founder of Hufflepuff,Hufflepuff,Unknown,Unknown,Human,Pure-blood or half-blood,Brown,Blue,,Food-related Charms. Many traditional Hogwarts recipes originated with her,"Helga Hufflepuff was the founder of Hufflepuff House and one of the co-founders of Hogwarts, described as one of “the four greatest witches and wizards of the age” (along with the other three founders) (CS9). She was much more accepting than the other founders, advocating for accepting… ",Pre 976,11th century
78,79,,-,,-,Fat Friar,Male,Hufflepuff House Ghost,Hufflepuff,Unknown,Unknown,Ghost,,Brown,,,Curing peasants of the pox,"The Fat Friar is the house ghost of Hufflepuff.  He is a jolly, friendly ghost who cheerfully wishes the first years good day and hopes they’ll be in Hufflepuff (PS7). He was executed after senior churchmen found it suspicious that he could cure the pox by pointing a stick at… ",10th century,Pre 1988
79,80,,Rowena Ravenclaw,,-,Helena Ravenclaw,Female,Ravenclaw House Ghost,Ravenclaw,Unknown,Unknown,Ghost,Pure-blood or half-blood,Black,Grey,,,"More commonly known as “The Grey Lady,” the Ravenclaw ghost. Harry and Ron first encounter this tall ghost as she glided past in the corridor while out looking for the Mirror of Erised (PS12). Harry eventually discovers that The Grey Lady is Helena, the daughter of Hogwarts founder Rowena… ",Post 982,996-1000
80,81,,Andromeda (Black) Tonks,,Edward Tonks,Nymphadora Tonks,Female,Auror,Hufflepuff,Unknown,Jack rabbit  Wolf,Human,Half-blood,Variable,Variable,Ministry of Magic | Order of the Phoenix,Talented Auror  Metamorphmagus,"Nymphadora Tonks, or Tonks as she prefers to be called, is a Metamorphmagus Auror and member of the Order of the Phoenix. She is a pretty young woman with a heart-shaped face. Her hair changes color, but is often bubble-gum pink. Her father calls her ‘Dora.’ Tonks is an Auror and… ", 1 September 1972- 31 August 1973,2 May  1998
81,82,,-,,-,Pomona Sprout,Female,Professor of Herbology | Head of Hufflepuff House,Hufflepuff,Unknown,Non-corporeal,Human,Pure-blood or half-blood,,Grey,,Herbology,"Pomona Sprout was a squat little witch with fly-away gray hair who taught Herbology at Hogwarts. In the greenhouses, Sprout had to deal with a wide variety of magical plants, some of which were very strange and even dangerous. She handled them all with aplomb, even the Venomous Tentacula. Her… ",15 May,
82,83,,Mrs Scamander,,-,Newton Scamander,Male,Employee in the Beast Division of the Department for the Regulation and Control of Magical Creatures,Hufflepuff,Unknown,Unknown,Human,Pure-blood or half-blood,Red brown,Blue,,Magizoology  Order of Merlin  Second Class,"Newton “Newt” Scamander is a famous magizoologist and author of Fantastic Beasts and Where To Find Them (PS5) as well as a number of other books. Now retired, Scamander lives in Dorset with his wife Porpentina (FB). He received the Order of Merlin, second… ",24 February 1897,
83,84,,Mrs Diggory,,Amos Diggory,Cedric Diggory,Male,Student,Hufflepuff,"12¼""  Ash  unicorn hair",Unknown,Human,Pure-blood,Dark,Grey,,Skilled Seeker,"Cedric Diggory was an extremely handsome boy with gray eyes in Hufflepuff House. In 1993, when he was a Fifth Year, he took over as Captain and Seeker of the Hufflepuff Quidditch team. He was a very good student and a Prefect. He is quite tall… ",1 September - 30 October 1977,24 June  1995
84,85,,,,,Justin Finch-Fletchley,Male,Student,Hufflepuff,Unknown,Non-corporeal,Human,Muggle-born,Red,,Dumbledore's Army,,"A member of Dumbledore’s Army, this curly-haired Muggle-born wizard was down for the exclusive Muggle school Eton until he got the letter from Hogwarts (so it is quite likely that his parents are very wealthy). Justin was threatened by a snake at the Duelling Club until Harry called… ",1 September 1979- 31 August 1980,
85,86,,,,,Zacharias Smith,Male,Student,Hufflepuff,Unknown,Unknown,Human,Pure-blood or half-blood,Blonde,,Dumbledore's Army,Chaser,"Zacharias Smith is a student in Hufflepuff House during the 1990s. A real winner of a guy who seems to offend people every time he speaks. He was a Chaser on the Hufflepuff Quidditch team from at least 1995 (OP16, OP26). Zacharias joined Dumbledore’s… ",1 September 1979 - 2 May 1981,
86,87,,,,,Hannah Abbott,Female,Student,Hufflepuff,Unknown,Non-corporeal,Human,Half-blood,Blonde,Brown,Dumbledore's Army,Defensive spells  learned with Dumbledore's Army,"Hannah Abbott is a Hufflepuff student in Harry’s year at Hogwarts. A pink-faced blonde girl who wears her hair in pigtails (PS7), Hannah is a close friend of Ernie Macmillan (CS11, CS15), who shares her hobby of collecting chocolate frog cards (GF19). Both Hannah and… ",1 September 1979 - 31 August 1980,
87,88,,,,,Ernest Macmillan,Male,Student,Hufflepuff,Unknown,Boar,Human,Pure-blood,Blond,,Dumbledore's Army,Revising  being a Prefect  getting the wrong end of the stick,"Ernie Macmillan is a Hufflepuff student in Harry‘s year. Though sort of a pompous fellow, Ernie’s heart and loyalties are in the right place. Harry first met him in his second year, when Ernie took the lead among the Hufflepuffs in attempting to protect Muggle-born Justin Finch-Fletchley. ",21 April 1980 - 31 August 1980,
88,89,,,,,Susan Bones,Female,Student,Hufflepuff,Unknown,Unknown,Human,Half-blood,,,Dumbledore's Army,Defensive spells  learned with Dumbledore's Army,"Student at Hogwarts, 1991-1998 (PS7); sorted into Hufflepuff. ",1 September 1979 - 31 August 1980,
89,90,,,,,Walden Macnair,Male,Executioner for the Committee for the Disposal of Dangerous Creatures,Slytherin,Unknown,Unknown,Human,Pure-blood or half-blood,Black,,Lord Voldemort  | Death Eaters,Liaising with giants,"Walden Macnair was a Death Eater and Ministry of Magic employee who sported a black moustache. In the years between the first and second wars against Voldemort, Macnair worked as an executioner of dangerous creatures for the Ministry of Magic (PA16, PA21, GF33). MacNair was… ",In or before 1970s,
90,91,,,,,Augustus Rookwood,Male,Unspeakable,Slytherin,Unknown,None,Human,Pure-blood or half-blood,Brown/greying,,Lord Voldemort | Death Eaters,Spying for Lord Voldemort,"Augustus Rookwood was a Death Eater and spy in the Ministry during the first war with Voldemort. He worked for the Department of Mysteries but had agents throughout the Ministry, not all of whom knew who they were really working for. (For example, Rookwood was an… ",pre 1964,
91,92,,,,,Antonin Dolohov,Male,Death Eater,Slytherin,Unknown,None,Human,Pure-blood or Half-blood,Dark,,Lord Voldemort | Death Eaters,Duelling. Fought and killed Molly Weasley's brothers and Remus Lupin,"Antonin Dolohov was a particularly sadistic Death Eater, one of Tom Riddle’s friends after leaving school (HBP20). He was sent to Azkaban for the murders of Gideon and Fabian Prewett (OP25). Dolohov escaped from Azkaban early in 1996, along with Bellatrix Lestrange and several other high-security prisoners, and rejoined… ",pre 1950,
92,93,,,,,Corban Yaxley,Male,Head of the Department of Magical Law Enforcement,Slytherin,Unknown,None,Human,Pure-blood or Half-blood,Blonde,Blue,Lord Voldemort  | Death Eaters,Imperius curse  undercover work,"Corban Yaxley was a Death Eater with a prominent role during Voldemort’s second rise to power.  According to Snape, Yaxley denied Voldemort to escape Azkaban when Voldemort disappeared after attacking the Potters (HBP2). Three days after Voldemort was reborn in the Little Hangleton graveyard, Yaxley was dispatched to find Horace… ",Pre 1970s,
93,94,,,,,Igor Karkaroff,Male,Headmaster of Durmstrang Institute,,Unknown,None,Human,Pure-blood or Half-blood,Silver| formerly black,,,Skilled in the Dark Arts,Igor Karkaroff was Headmaster of Durmstrang Institute and a former Death Eater. Karkaroff turned in other Death Eaters to the Wizengamot in order to save himself from Azkaban. He ran for his life in June 1995 when the Dark Mark burned into his arm showed that… ,pre 1965,24 June 1995 – 31 July 1996
94,95,,,,,Kingsley Shacklebolt,Male,Auror  | Minister for Magic,,Unknown,Lynx,Human,Pure-blood,Bald,Black,Order of the Phoenix,Exceptionally skilled duellist and Auror,"Kingsley Shacklebolt was a highly capable Auror and a member of the Order of the Phoenix. He resisted Voldemort’s takeover of the Ministry in 1997, even appearing on the Potterwatch radio program, and was made Minister of Magic in 1998 after Voldemort’s demise. Kingsley was a tall, bald black wizard who… ",Pre 1973,
95,96,,,,,Alastor Moody,Male,Auror ,,Unknown,Non-corporeal,Human,Pure-blood,Grey,One dark one electric blue,Order of the Phoenix,A highly accomplished Auror and an outstanding duellist  also skilled in non-verbal magic,"Alastor “Mad-Eye” Moody is a retired Auror, considered one of the best Dark Wizard catchers the Ministry has ever had. Moody came on staff for a year at Hogwarts, but  spent it at the bottom of a magical trunk, unbeknownst to anyone but the imposter who put him there (… ",Pre 1960,27 July  1997
96,97,,,,,Alice Longbottom,Female,Auror,,Unknown,Unknown,Human,Pure-blood,Blonde,,Order of the Phoenix,Auror,"Alice Longbottom, along with her husband Frank, were Aurors, popular in the Wizarding World, who fought valiantly against Voldemort and his supporters during the 1970s. Frank and Alice were captured by Death Eaters shortly after the fall of Voldemort (late 1981). They were subjected to the Cruciatus Curse in an attempt… ",,
97,98,,,,,Frank Longbottom,Male,Auror,Gryffindor,Inherited by his son  Neville. It was broken in battle at the Department of Mysteries.,Unknown,Human,Pure-blood,Blonde,,Order of the Phoenix,Auror,"Frank Longbottom, along with his wife Alice, were famous Aurors who fought valiantly against Voldemort and his supporters during the 1970s. Frank and Alice were members of the original Order of the Phoenix (OP9, PC/JKR1). They were captured by Bellatrix Lestrange, Barty Crouch Jr., and several other Death Eater  shortly after… ", 1 September 1957 - 31 August 1959 or earlier,
98,99,,,,,Rufus Scrimgeour,Male,Head of Auror Office| Minister for Magic,,Unknown,Non-corporeal,Human,,Tawny,Yellowish,Minister of Magic,Highly regarded as a skilled Auror,"Rufus Scrimgeour was head of the Auror Office of the Ministry of Magic when he was tapped to replace Cornelius Fudge as Minister of Magic. Scrimgeour took over at a dangerous time, when the return of Voldemort had been revealed and the Wizarding world was in turmoil. ",Pre 1968,1 August  1997
99,100,,,,,Cornelius Oswald Fudge,Male,Minister for Magic,,Unknown,Non-corporeal,Human,Pure-blood or Half-blood,Grey,,Minister of Magic,Turning a blind eye to the continuing threat of Dark Magic in the name of keeping up morale,"Minister of Magic 1990-1996 (HBP1) and previously Junior Minister in the Department of Magical Accidents and Catatrophes (PA10). Cornelius Oswald Fudge was Minister of Magic from 1990 (according to The Quibbler, OP10) until June 1996 when he was replaced by Rufus Scrimgeour. ",Pre 1964,
100,101,,,,,Barty Crouch Sr.,Male,Head of the Department of International Magical Cooperation,,Unknown,Non-corporeal,Human,Pure-blood,Grey,,Minister of Magic,Multilingual  able to fight the Imperius curse,"Bartemius Crouch Sr. was a strict ministry official, known for sentencing his own son to Azkaban. Barty Crouch Sr. was famous for aggressively prosecuting Dark Wizards in the days of Voldemort’s rise to power. His fervor led him to authorize methods almost as bad as those of the Death Eaters… ",Pre 1940,27 May  1995
101,102,,,,,Amos Diggory,Male,Employee of the Department for the Regulation and Control of Magical Creatures,,Unknown,Non-corporeal,Human,Pure-blood or half-blood,Brown,Ruddy,Minister of Magic,Works for the Department for the Regulation and Control of Magical Creatures,"Amos Diggory was a Ministry of Magic official who worked for the Department for the Regulation and Control of Magical Creatures. Amos is a ruddy-faced wizard with a scrubby brown beard. He takes a great deal of pride in his son, Cedric, even to the point of being somewhat rude… ",,
102,103,,,,,Dedalus Diggle,Male,,,Unknown,Non-corporeal,Human,Pure-blood or half-blood,,,Order of the Phoenix,An enthusiastic volunteer for the Order and a helpful escort for Harry and his relatives,"Dedalus Diggle was a member of the Order of the Phoenix in both the first and second wars against Voldemort (OP3, OP9). He also happened to be in the Leaky Cauldron when Hagrid brought Harry in on July 31, 1991. Diggle once bowed to Harry in a shop (… ",Pre 1964,
103,104,,,,,Elphias Doge,Male,Special Advisor to the Wizengamot,,Unknown,Non-corporeal,Human,Pure-blood,Silver,Grey/Blue[,Order of the Phoenix,Writing,"Elphias Doge was an old wizard the same age as Dumbledore, with a wheezy voice and silver hair (DH8). Doge was part of the original Order of the Phoenix and at the time wore a “stupid” hat. Part of the Advance Guard that helped Harry in his escape from… ", 1 September 1880 - 31 August 1881,
104,105,,,,,Fleur Isabelle Delacour,Female,Part-time at Gringotts Wizarding Bank,Beauxbatons Academy of Magic,"9½""  Rosewood  veela hair",Non-corporeal,Human,Quarter-Veela,Silvery-blonde,Dark blue[,Order of the Phoenix,part Veela  and therefore possesses some of their magical powers. She was also selected to compete in the Triwizard Tournament,"Fleur Isabelle Delacour is a talented part-Veela witch who was the Beauxbatons champion for the 1994-1995 Triwizard Tournament (GF16). She married Bill Weasley in August 1997. Triwizard Tournament and Hogwarts Initially, Fleur is a bit haughty and dismissive. She attended the Yule Ball of December 1994 with Roger Davies… ",Pre 30 October  1977,
105,106,,,,,Aberforth Dumbledore,Male,Owner and Barman of the Hog's Head Inn,,Unknown,Goat,Human,Half-blood,Grey,Bright Blue,Order of the Phoenix,Bartending  caring for Ariana,"Aberforth Dumbledore was a tall, thin, grumpy-looking old man with a great deal of long grey hair and a beard (OP16). Like his famous brother Albus, he wore glasses (HBP12) and had blue eyes (DH). Aberforth was the barkeep at the Hog’s Head in Hogsmeade (EBF) and was… ", 1 September 1883-31 August 1884,
106,107,,,,,Mundungus Fletcher,Male,Dealer of wizarding artifacts,,Unknown,Non-corporeal,Human,Half-blood[,Ginger,Brown,Order of the Phoenix,Gathering information for the Order  dealing in stolen cauldrons  'acquiring' the odd Muggle car,"Mundungus Fletcher is a rather dodgy character, a crook whose shady business dealings are always getting him into trouble. However, he’s also a member of the Order of the Phoenix. ",Before 1962,
107,108,,,,,Sturgis Podmore,Male,Advance Guard,,Unknown,Unknown,Human,Pure-blood or half-blood,Straw-coloured,Brown,Order of the Phoenix,Carrying out guard duty for the Order,"Square-jawed wizard with thick straw-colored hair. Member of the Order of the Phoenix and part of the Advance Guard that helped Harry escape from number four Privet Drive (OP3). Podmore was on guard duty at entrance of the Department of Mysteries on August 31, 1995 when he was apprehended… ", 8 September 1956 - 7 September 1957,
108,109,,,,,Hestia Jones,Female,Advance Guard,,Unknown,Unknown,Human,Pure-blood or half-blood,Black,,Order of the Phoenix,Carrying out escort missions for the Order,"Hestia Jones was a new member of the Order of the Phoenix. She was a pink-cheeked, black-haired witch who was part of the Advance Guard that helped Harry in his escape from Privet Drive (OP3), and assigned to escort the Dursleys to safety before Harry’s departure (DH3).  … ",Pre 1978,
109,110,,,,,Marlene McKinnon,Female,,,Unknown,Unknown,Human,,Red,Brown,Order of the Phoenix,,"A member of the Order of the Phoenix in the 1970s, Marlene and her whole family were killed by Voldemort’s supporters (PS4,OP9), including Travers (GF30), shortly before Voldemort’s downfall (DH10). ",,July  1981
110,111,,,,,Fabian Prewett,Male,,,Unknown,Unknown,Human,Pure-blood,Red,Grey,Order of the Phoenix,Duelling,"Fabian Prewett was a brother of Molly (Prewett) Weasley (JKR, OP9). He died heroically in the first wizarding war. ",,1981
111,112,,,,,Gideon Prewett,Male,,,Unknown,Unknown,Human,Pure-blood,Red ,Dark Grey,Order of the Phoenix,Duelling,"Gideon Prewett was a member of the original Order of the Phoenix. Along with Fabian Prewett, one of the brothers of Molly (Prewett) Weasley (JKR, OP9), they were, according to Hagrid, among the “best witches and wizards of the age” who were killed during the first wizarding war (PS4). ",,1981
112,113,,,,,Emmeline Vance,Female,Advance Guard,,Unknown,Unknown,Human,,,,Order of the Phoenix,,"Emmeline Vance was a member of the Order of the Phoenix, both in the 1970s and in the 1990s. She was part of the Advance Guard that escorted Harry from number four, Privet Drive to number twelve, Grimmauld Place (OP3, OP9). She is described as a stately-looking witch… ",pre 1964,Early July  1996
113,114,,,,,Edgar Bones,Male,,Hufflepuff,Unknown,Unknown,Human,Pure-blood or half-blood,Reddish-brown,Grey,Order of the Phoenix,Said to be a great wizard,"Edgar was a member of the Order of the Phoenix in the 1970s; Moody said “he was a great wizard.” Killed, with his wife and children, by a Death Eater before Voldemort fell (OP9). Brother of Amelia Susan Bones, uncle of Susan Bones. ",,1981
114,115,,,,,Dorcas Meadowes,Female,,,Unknown,Unknown,Human,,Black,Brown,Order of the Phoenix,,Dorcas Meadowes was a member of the Order of the Phoenix Order of the Phoenix who was killed personally by Voldemort (OP9).  … ,,1981
115,116,,,,,Benjy Fenwick,Male,,,Unknown,Unknown,Human,,Black,Black,Order of the Phoenix,,Benjy Fenwick was a member of the Order of the Phoenix during the 1970s. He was killed by Death Eaters (OP9). ,,1981
116,117,,,,,Madame Olympe Maxime,Female,Headmistress of Beauxbatons Academy of Magic,Beauxbatons Academy of Magic,Unknown,Unknown,Half-Human/Half-Giant,Part-Human (Half-giant),Brown,Black,,An excellent dancer in the words of Dumbledore himself,"Olympe Maxime was the headmistress of Beauxbatons Academy in France. She was respected both for her work at her job (GF29) and for her wizarding power (OP20). Though she was a half-giant with the height to prove it, she publicly denied her giant ancestry (… ",,
117,118,,,,,Gabrielle Delacour,Female,,Beauxbatons Academy of Magic,Unknown,Unknown,Human ,Quarter-Veela,Silvery-blonde,,,part Veela and therefore may possess some of their magical powers,"Gabrielle is Fleur Delacour’s younger sister, served as Fleur’s designated hostage in the second task of the Triwizard Tournament (GF26). ", 31 July 1985 - 30 July 1986,
118,119,,,,,Viktor Krum,Male,Seeker for the Bulgarian National Quidditch team,Durmstrang Institute,"10¼""  Hornbeam  dragon heartstring",Unknown,Human ,Pure-blood or half-blood,Dark,Dark,,One of the best Seekers in the world,"Viktor Krum is a Bulgarian wizard who was their national side’s Seeker at the Quidditch World Cup (1994, 2002, 2014) and also Durmstrang Institute‘s representative at the Triwizard Tournament held at Hogwarts in 1994. A famous international Quidditch player for the Bulgarian National Team while still… ",April-August  1976,
119,120,,,,,Petunia Dursley,Female,,,,,Human ,Muggle,Blonde,,,,"Aunt Petunia is Lily (Evans) Potter’s older sister, and the wife of Vernon Dursley.  The Dursleys live at number four Privet Drive, Little Whinging, Surrey. She is a tall, very thin blond with a long neck and an angular face. Estrangement and bitterness Petunia and Lily grew up in… ",Pre 1960,
120,121,,,,,Vernon Dursley,Male,Director at Grunnings,,,,Human ,Muggle,Black,,,Schmoozing clients  pretending magic doesn't exist,"Vernon Dursley is the husband of Harry’s Aunt Petunia. Like her, he is very much a Muggle. In fact, he is about as Muggle as a person can get. He has no use for imagination at all. He is a large, beefy man with very little neck and a bushy… ",Pre 1954,
121,122,,,,,Dudley Dursley,Male,,,,,Human ,Muggle,Blond,Blue,,,"Profile Dudley was born on June 23, 1980. Dudley Dursley is Harry Potter’s Muggle cousin, and the only son of Vernon and Petunia Dursley of number four Privet Drive, Little Whinging, Surrey. Dudley, in extreme contrast to Harry, was grossly overindulged by both his mother and… ", 23 June 1980,
122,123,,,,,Marge Dursley,Female,Dog breeder,,,,Human ,Muggle,Grey,,,Breeding bulldogs,"Miss Marjorie Eileen Dursley is Vernon Dursley’s loathsome older (Pm) sister. She lives in the country, in a house with a large garden where she breeds bulldogs but appears to have no other type of employment. Even though she is not Harry’s blood relation, he has been forced to call… ",Pre 1954,
123,124,,,,,Dennis Creevey,Male,Student,Gryffindor,Unknown,Unknown,Human ,Muggle-born,Mousy brown,,Dumbledore's Army,,"Dennis Creevey was the younger brother brother of Colin Creevey, and a Gryffindor student from 1994 (Harry‘s fourth year) to 2001. Muggle-born and with “mousy” brown hair like Colin, Dennis was the smallest kid in his year when he arrived, and thus almost certainly the smallest kid… ", 1 September 1982 - 31 August 1983,
124,125,,,,,Albus Severus Potter,Male,Student,Slytherin,Unknown,Unknown,Human ,Half-blood,Jet-black,Bright green,,,"Albus Potter is the middle child and second son of Harry Potter and Ginny Weasley Potter.  He is named after two headteachers of Hogwarts: Albus Dumbledore and Severus Snape. Albus is Neville Longbottom‘s godson (Pm) and, when he was six years old, his best friend… ",Between 1 September 2005-31 August 2006,
125,126,,,,,Scorpius Hyperion Malfoy,Male,Student,Slytherin,Unknown,Unknown,Human ,Pure-blood,White blond,Grey,,,"Scorpius Malfoy is the son of Draco Malfoy and Astoria Greengrass. Scorpius greatly resembles his father Draco (DH/e, CC). An only child, Scorpius, along with his mother and father, lives apart from the wizarding world due to Astoria’s illness (CC4.4). To the disapproval of his grandparents, Lucius and… ",Between 1 September 2005-31 August 2007,
126,127,,,,,Edward Remus Lupin,Male,Student,Hufflepuff,Unknown,Unknown,Human (Metamorphmagus),Half-blood,Variable,Variable,,,,April  1998,
127,128,,,,,James Sirius Potter,Male,Student,Gryffindor,Unknown,Unknown,Human ,Half-blood,,,,,James Sirius Potter is the eldest child of Harry Potter and Ginny Weasley (DH/e). James started attending Hogwarts on 1st September 2015 and was sorted into Gryffindor (JKR:Tw). Along with his father and brother he visited the Bulgarian encampment at the 2014 Quidditch World Cup and was in… ,1 September 2003-31 August 2004,
128,129,,,,,Rose Granger-Weasley,Female,Student,Gryffindor,Unknown,Unknown,Human ,Half-blood,Red,,,Chaser,"Rose Granger-Weasley is the older of Ron Weasley and Hermione Granger’s two children, and their only daughter. She is sorted into Gryffindor House at Hogwarts. On 1 September 2017, Rose was preparing to take the Hogwarts Express to her first year at school, and was nervous about the sorting (DH/e). Hermione… ",1 September 2005-31 August 2006 ,
129,130,,,,,Argus Filch,Male,Caretaker of Hogwarts,,,,Human ,Squib,Grey,Pale,Hogwarts School of Witchcraft and Wizardry,Sniffing out mischief,"Argus Filch was the Hogwarts caretaker, a cantankerous, nasty man who detests the students. He knew the secret passageways and hidden doors of Hogwarts better than anyone except Fred and George Weasley (and now Harry, thanks to the Marauders’ Map). Filch was a Squib, which means that he was… ",Pre 1951,
130,131,,,,,Poppy Pomfrey,Female,Matron at Hogwarts School,,Unknown,Non-corporeal,Human ,Pure-blood or half-blood,,,Hogwarts School of Witchcraft and Wizardry,Skilled medical healer,"The Hogwarts school matron (U.S.: “nurse”), who is very adept with curing spells, potions, herbs, and other remedies. Harry thinks of her as “a nice woman, but very strict” (PS17). Among other things we’ve seen her regrow bones (CS10), cure a poisonous dragon bite (PS14), fix Eloise… ",pre 1954,
131,132,,,,,Rolanda Hooch,Female,Flying Instructor at Hogwarts,,Unknown,Non-corporeal,Human ,,Grey,Yellow,Hogwarts School of Witchcraft and Wizardry,Teaching  flying  refereeing Quidditch matches,"Madam Hooch is the Quidditch coach and flying instructor at Hogwarts. She teaches basic broom skills to First Years and referees the Quidditch matches between the House teams. Hair: gray, cut short. Eyes: yellow, hawk-like. Expertise: Quidditch coach and Referee, Flying teacher (PS9, CS10,… ",pre 1918,
132,133,,,,,Irma Pince,Female,Librarian at Hogwarts,,Unknown,Non-corporeal,Human ,,,,Hogwarts School of Witchcraft and Wizardry,,"Librarian at Hogwarts who looks like an underfed vulture (CS10) with a shriveled face, and who spends more time policing the library than helping with research (OP29). Pince is highly suspicious of the students and places nasty spells on books to make sure they’re returned on time:… ",Pre 1966,
133,134,,,,,Aurora Sinistra,Female,Astronomer at Hogwarts,,Unknown,Unknown,Human,Pure-blood or half-blood,Dark,Dark,Hogwarts School of Witchcraft and Wizardry,,Aurora Sinistra was a professor of Astronomy at Hogwarts. ,Pre 1968,
134,135,,,,,Septima Vector,Female,Professor of Arithmancyat Hogwarts,,Unknown,Unknown,Human ,,Black,,Hogwarts School of Witchcraft and Wizardry,,"Professor Vector was the Arithmancy professor at Hogwarts. She had a reputation for being a strict teacher and was known to give a lot of complicated homework. Hermione Granger loved her class, but others were a bit less enthusiastic about taking Arithmancy from Vector (PA12, GF13, HBP24). ",Before 1974,
135,136,,,,,Wilhelmina Grubbly-Plank,Female,Substitute professor of Care of Magical Creatures at Hogwarts,,Unknown,Non-corporeal,Human ,,Grey,,Hogwarts School of Witchcraft and Wizardry,,"Wilhelmina Grubbly-Plank is an elderly witch with closely cropped gray hair and a very prominent chin who teaches Care of Magical Creatures. Professor Grubbly-Plank was the supply teacher (US: “substitute”) who covered for Hagrid when he was indisposed after Christmas break (January 1995, GF24) and again when he was off negotiating… ",,
136,137,,,,,Fenrir Greyback,Male,,,Unknown,None,Werewolf,,Grey,,Lord Voldemort | Death Eaters,Physical combat,"Fenrir Greyback was a werewolf, low-level Death Eater, and friend of the Malfoy family. He killed for fun and especially enjoyed infecting children. Greyback was a follower of Voldemort since at least 1970s, though he was in it for the access to victims, not for ideological reasons. ",Pre 1945,
137,138,,,,,Gellert Grindelwald,Male,Revolutionary leader(c. 1920s[6] – 1945),,"15""  Elder  Thestral tail hair core",,Human ,Pure-blood or half-blood,Blond,Blue,Gellert Grindelwald's Acolytes,Duelling,"Gellert Grindelwald was a brilliant, ambitious, and ultimately dangerous wizard who tried to take over the wizarding world, starting in the early 1920s and ending with his defeat by Albus Dumbledore in a famous duel in 1945. Two years younger than Dumbledore (DH18), as a teenager Gellert was blond, wore… ",1883,March  1998
138,139,,,,,Dobby,Male,Malfoy family's house-elf (unknown - 1993),,,,,,,,,,"Dobby was a house-elf, for years indentured to the Malfoy family, until his admiration for Harry Potter goaded him into trying to warn Harry against coming to school in his second year because he knew what Lucius was planning with the diary. Dobby interfered with Harry’s life a number of… ",,
139,140,,,,,Kreacher,Male,Black family's house-elf,,,,,,,,,,"Kreacher was an aged House-Elf whose family served the Black family for generations. He was devoted to Sirius Black’s mother, who died in 1985 but whose portrait still shrieks orders from the wall of the front hall of the Black family home, number twelve, Grimmauld Place. Kreacher continued to live there… ",,
